Location,Location_coord,rating,Post_url
旬採鮨処-中山店,"(25.05629919999999, 121.5222524)",4.4,https://www.instagram.com/p/COcACIYgRUI/
夏慕尼新香榭鐵板燒台北中山北店,"(25.0553011, 121.52236)",4.3,https://www.instagram.com/p/CW7a0h6P5Wn/
（百花台）R9 Café,"(25.0549026, 121.5203316)",4.3,https://www.instagram.com/p/CWmfX3Zvk_d/
京都鐵板燒,"(25.0548525, 121.5232423)",4.3,https://www.instagram.com/p/BSDaV9hAK3x/
笹鮨 SASA,"(25.05454289999999, 121.5220929)",4.4,https://www.instagram.com/p/CJIWfw7gooV/
AN-Burger,"(25.0543751, 121.5217341)",4.1,https://www.instagram.com/p/B6vPvSSJA7Y/
台北晶華酒店- 栢麗廳 Brasserie,"(25.05417779999999, 121.524244)",4.2,https://www.instagram.com/p/CFB49KiDIzK/
The One 食藝．中山概念店,"(25.05414399999999, 121.522435)",4.3,https://www.instagram.com/p/CRf5dYVH3en/
台北晶華酒店－ROBIN'S 牛排屋,"(25.0541056, 121.5243311)",4.3,https://www.instagram.com/p/CNBtIg5lFbv/
(老爺大酒店)Le Caf'e咖啡廳,"(25.0539473, 121.5228839)",4.1,https://www.instagram.com/p/CNpVIkSDq-M/
中山日本料理廳 - 台北老爺大酒店,"(25.0536772, 121.5228805)",4.1,https://www.instagram.com/p/CFrnW8YguOE/
Hana Bi はなび 日式Tapas居酒屋 釜飯專門店,"(25.0535972, 121.5220639)",4.3,https://www.instagram.com/p/CXoOGRipwMI/
GALERIE Bistro 家樂利小酒館,"(25.0533556, 121.5202353)",4.3,https://www.instagram.com/p/CXIapDcvm-F/
乾杯 中山店,"(25.0531144, 121.5201853)",4.1,https://www.instagram.com/p/COamsrZJzuy/
丸亀製麵 新光三越台北南西3館店 烏龍麵餐廳,"(25.0527485, 121.5206836)",4.2,https://www.instagram.com/p/CMjzPBiBina/
山里日本料理,"(25.0525475, 121.5232747)",4.2,https://www.instagram.com/p/CEb6t8yhryB/
61 NOTE | SHOP & TEA,"(25.0525429, 121.5182821)",4.1,https://www.instagram.com/p/BY3Qrb_gK4A/
天廚菜館,"(25.0525, 121.5219444)",4.1,https://www.instagram.com/p/B7BSgrHAnPr/
大戶屋誠品南西店,"(25.0522149, 121.5206209)",4.1,https://www.instagram.com/p/BxhtebGhGTW/
smith&hsu 現代茶館 南京東路店,"(25.0519952, 121.52396)",4.2,https://www.instagram.com/p/CXDmrQVJr6a/
平成十九,"(25.051965, 121.519699)",4.1,https://www.instagram.com/p/CHwgXBdD06o/
米塔義式廚房-南京店,"(25.0519006, 121.5236634)",4.1,https://www.instagram.com/p/VEUNyFkYgh/
屯京拉麵 中山店,"(25.0518467, 121.522678)",4.1,https://www.instagram.com/p/CTepEnJB4ph/
蘿絲瑪莉義麵坊,"(25.0517642, 121.5219695)",4.3,https://www.instagram.com/p/CXBFNGMB2FW/
麵屋武藏-神山,"(25.0510319, 121.5235744)",4.2,https://www.instagram.com/p/CEiM5LrjhVj/
一風堂 中山本店,"(25.05048829999999, 121.5222772)",4.1,https://www.instagram.com/p/CSbbrOohB0b/
龍都酒樓,"(25.0503539, 121.5244483)",4.2,https://www.instagram.com/p/CGe7ERKjnld/
貓妝自家烘焙咖啡館,"(25.0501829, 121.5196979)",4.3,https://www.instagram.com/p/B-u36IRjP7C/
荷蘭小鬆餅（長安創始店）,"(25.0496671, 121.5196164)",4.1,https://www.instagram.com/p/CV7dg75B8CV/
九寨十鍋 四川麻辣火鍋,"(25.0493843, 121.523009)",4.3,https://www.instagram.com/p/CEHQszeJq9b/
開飯川食堂 京站店,"(25.049308, 121.5171935)",4.2,https://www.instagram.com/p/CDHBYIxBOqJ/
BELLINI Pasta Pasta 台北京站店,"(25.0492337, 121.5170684)",4.1,https://www.instagram.com/p/BwHJI1gnXnu/
TGIFRIDAYS星期五美式餐廳信義餐廳,"(25.0407344, 121.5653917)",4.1,https://www.instagram.com/p/CW5tWKJBkvh/
大戶屋統一時代台北店,"(25.0406227, 121.5654586)",4.3,https://www.instagram.com/p/Bk4GqiphUnL/
紫艷中餐廳,"(25.040598, 121.565735)",4.3,https://www.instagram.com/p/ByAOd6oHkSl/
太陽蕃茄拉麵誠品信義店,"(25.0397197, 121.5658739)",4.2,https://www.instagram.com/p/BEQ_qtiH2ys/
勞瑞斯牛肋排餐廳,"(25.039633, 121.5678702)",4.3,https://www.instagram.com/p/B-J238opeyc/
合shabu,"(25.0396219, 121.567641)",4.6,https://www.instagram.com/p/CWvEVD_vyWB/
HALEAKALA美式漢堡,"(25.0396219, 121.567641)",4.2,https://www.instagram.com/p/CMZeeX0lPpI/
LATELIERdeJoëlRobuchon侯布雄法式餐廳,"(25.0396219, 121.567641)",4.2,https://www.instagram.com/p/CXs9e2rvvWg/
金色三麥信義誠品店,"(25.0391196, 121.5658)",4.2,https://www.instagram.com/p/CLBH7xuj7UQ/
三井cuisineM,"(25.0385722, 121.5662876)",4.2,https://www.instagram.com/p/CXifeI9F6Tn/
丸亀製麵新光三越台北信義A8店烏龍麵餐廳,"(25.0383589, 121.5666138)",4.2,https://www.instagram.com/p/CMjzPBiBina/
台北寒舍艾美酒店寒舍食譜,"(25.0382675, 121.5681767)",4.2,https://www.instagram.com/p/CXtLul0pF6l/
老乾杯信義店,"(25.0365352, 121.5667157)",4.2,https://www.instagram.com/p/BVRJzTAjmM9/
兩班家韓式碳烤新光三越A9店,"(25.0364054, 121.566685)",4.1,https://www.instagram.com/p/COf1M9brvAA/
欣葉日本料理信義新天地A11店,"(25.0360953, 121.567219)",4.1,https://www.instagram.com/p/CNHJg9gDsdB/
PAUL法國保羅麵包新光三越信義A9店,"(25.0359879, 121.5667981)",4.1,https://www.instagram.com/p/CXtiBTKvhBf/
乾杯信義ATT店,"(25.035666, 121.566074)",4.1,https://www.instagram.com/p/CT4RMr4J55y/
醐同燒肉夜食五號店,"(25.0355169, 121.5679057)",4.1,https://www.instagram.com/p/CVaZ3luvoUL/
非常泰,"(25.0355031, 121.56786)",4.4,https://www.instagram.com/p/CXYyUkwvPgf/
馬辣頂級麻辣鴛鴦火鍋信義店,"(25.0354574, 121.5678596)",4.4,https://www.instagram.com/p/CXr_6czgzjQ/
饗食天堂台北信義店,"(25.03531, 121.5660665)",4.1,https://www.instagram.com/p/CKyjMQCMw4G/
凱林鐵板燒信義威秀店,"(25.0352187, 121.5672369)",4.1,https://www.instagram.com/p/Bu8BtP4hDTG/
BELLINIPastaPasta台北信義威秀店,"(25.0352187, 121.5672369)",4.3,https://www.openstreetmap.org/copyright/
頂鮮台南擔仔麵台北101店DingXianTaipei,"(25.033976, 121.5645389)",4.7,https://www.instagram.com/p/CVVBV8SsiQW/
隨意鳥地方101觀景餐廳求婚生日尾牙婚宴景觀夜景牛排餐廳推薦,"(25.0335715, 121.5649428)",4.1,https://www.instagram.com/p/CVkrkbRPygN/
鼎泰豐101店,"(25.03346, 121.5644841)",4.5,https://www.instagram.com/p/CO5JpGqgRAA/
自如清庵,"(25.017929, 121.212957)",4.4,https://www.instagram.com/p/B-_5wDDpTBK/
Cozzi Market 逸·市集,"(25.0178407, 121.2137302)",4.3,https://www.instagram.com/p/CXaMpwkl7Ye/
Blu Bar,"(25.0178407, 121.2137302)",5.0,https://www.instagram.com/p/CXx8p17IBjE/
Yi Hui Xuan 逸薈軒,"(25.0178407, 121.2137302)",4.2,https://www.instagram.com/p/CXaMpwkl7Ye/
合點壽司 がってん寿司 華泰店,"(25.0177236, 121.2162838)",4.1,https://www.instagram.com/p/B9hCeKmHy49/
秋風軒鍋物 華泰店,"(25.0174772, 121.2156759)",4.5,https://www.instagram.com/p/CV6nfrMhZ7E/
Texas Roadhouse 德州鮮切牛排 新光店,"(25.0168902, 121.212709)",4.4,https://www.instagram.com/p/CX0s79Ql5Jf/
MAGiC TOUCH点爭鮮-青埔新光店,"(25.0168058, 121.2133776)",4.7,https://www.instagram.com/p/CIp0Vg4HnEv/
這一小鍋 桃園新光青埔店,"(25.0167833, 121.213385)",4.2,https://www.instagram.com/p/CIcsaL-HqYj/
武三碗不過岡,"(25.0167718, 121.2134139)",4.8,https://www.instagram.com/p/CWk0aDpMxcP/
林記溫體蔬菜羊肉,"(25.0162079, 121.4663279)",4.2,https://www.instagram.com/p/voAj_YQm_o/
Big Pier 大碼頭美式手抓海鮮餐廳,"(25.0162028, 121.214573)",4.2,https://www.instagram.com/p/BxZpopOASjE/
友Q牛肉麵,"(25.0161584, 121.2130842)",4.4,https://www.instagram.com/p/CVkc1Covk1y/
小蒙牛頂級麻辣養生火鍋吃到飽Hotpot-（烤）板橋店,"(25.0157974, 121.4623143)",4.3,https://www.instagram.com/p/CXDfcJiPbtB/
順億鮪魚專賣店-板橋店,"(25.015572, 121.4674791)",4.4,https://www.instagram.com/p/B_z2gZygF8Z/
日日蔗HISATOUKIBI形象概念店,"(25.0154823, 121.2129035)",4.6,https://www.instagram.com/p/CXxXTcDPJi4/
Mövenpick Café-莫凡彼桃園華泰店,"(25.0150957, 121.2144367)",4.5,https://www.instagram.com/p/CWqz5LVBxlg/
TGI FRIDAYS 星期五美式餐廳 華泰餐廳,"(25.0148961, 121.2133679)",4.1,https://www.instagram.com/p/CPHvi-GrbY7/
涓豆腐 桃園華泰店,"(25.0145382, 121.2127909)",4.1,https://www.instagram.com/p/BxJUpGVga3K/
JK STUDIO 義法餐廳│桃園餐廳│戰斧牛排│戰斧豬排│約會│聚餐│包場,"(25.0145382, 121.2127909)",4.4,https://www.instagram.com/p/CXzkFr0PIbd/
大河屋 燒肉丼 串燒-華泰名品城店,"(25.0145382, 121.2127909)",4.8,https://www.instagram.com/p/CXzp7jVPG2b/
祥發養生蔬菜排骨麵食館 板橋美食&餐廳&小吃,"(25.0144534, 121.4678481)",4.4,https://www.instagram.com/p/ByP93hKniYU/
金色三麥 板橋大遠百店,"(25.013651, 121.466765)",4.1,https://www.instagram.com/p/CWLeV2zFNZd/
鼎泰豐 板橋店,"(25.0135467, 121.4667508)",4.5,https://www.instagram.com/p/CO5JpGqgRAA/
IKEA瑞典餐廳 桃園店,"(25.0130423, 121.2176772)",4.2,https://www.instagram.com/p/CTBbKdPpFDj/
望月樓,"(25.0130279, 121.4669529)",4.1,https://www.instagram.com/p/CXvAYc_jCZR/
IKEA宜家家居 桃園店,"(25.0129593, 121.2175658)",4.3,https://www.instagram.com/p/CUkRIuTJ6bh/
新北市政府員工餐廳,"(25.012394, 121.465286)",4.1,https://www.instagram.com/p/CR3JID5KVST/
藝奇 日本料理岩板燒 板橋麗寶店,"(25.01235609999999, 121.4619611)",4.6,https://www.instagram.com/p/CUUMP_jvnWv/
典藏33觀景餐廳,"(25.0122763, 121.4655369)",4.1,https://www.instagram.com/p/CXi2ZoUrgQZ/
六必居潮州一品沙鍋粥中山總店/板橋美食/新北美食,"(25.0118142, 121.4659919)",4.2,https://www.instagram.com/p/CU3Gs6SBSnq/
涮乃葉板橋遠百中山店,"(25.0109601, 121.4644536)",4.1,https://www.instagram.com/p/B-UDj5cn1y0/
齊味麻辣鴛鴦鍋,"(25.01095919999999, 121.4619384)",4.1,https://www.instagram.com/p/CGsC2jinnd9/
Merci cafe',"(25.010337, 121.4634209)",4.2,https://www.instagram.com/p/CXqXHMHvo6c/
六必居潮州一品沙鍋粥 民權店,"(25.0099118, 121.4629108)",4.3,https://www.instagram.com/p/CMtGCGzFXAb/
美國大西部牛排館,"(24.8252393, 121.1806029)",4.2,https://www.instagram.com/p/CVvgocfh2co/
金鳳樓,"(24.8220225, 121.1840161)",4.4,https://www.instagram.com/p/CLyo4nCJys-/
elite deli,"(24.8203577, 121.1821931)",4.8,https://www.instagram.com/p/CXwskrQIBCO/
Mövenpick Café- 莫凡彼台中麗寶店,"(24.3267639, 120.7028309)",4.3,https://www.instagram.com/p/B_HiDwFjVJ3/
港點大師 台中麗寶店 天然無添加｜大閘蟹｜小龍蝦,"(24.3266158, 120.7024684)",4.1,https://www.instagram.com/p/CTbp2y1h17P/
涓豆腐 台中麗寶店,"(24.3252575, 120.7005913)",4.1,https://www.instagram.com/p/CO54XFHDgyW/
大心新泰式麵食 - 台中麗寶店,"(24.324899, 120.70078)",4.1,https://www.instagram.com/p/CMee5cTAey-/
麗寶Outlet Mall,"(24.3245903, 120.6993847)",4.1,https://www.instagram.com/p/CXp2n8pvauP/
燒肉同話 台中麗寶店,"(24.324537, 120.700018)",4.3,https://www.instagram.com/p/CPITJNJBRIu/
這一小鍋 台中麗寶店,"(24.324333, 120.699834)",4.4,https://www.instagram.com/p/CDF78eEjeTB/
星野肉肉鍋PLUS-台中麗寶OUTLET店,"(24.3242977, 120.6991781)",4.3,https://www.instagram.com/p/CNY546PJeT7/
韓姜熙의小廚房 台中麗寶店,"(24.3242977, 120.6991781)",4.2,https://www.instagram.com/p/CXs9RA5lnKN/
麗寶福容大飯店 順園日式料理,"(24.3238843, 120.6968897)",4.8,https://www.instagram.com/p/CSIzHe4B2Ba/
麗寶福容大飯店 福粵樓,"(24.32364669999999, 120.6965099)",4.2,https://www.instagram.com/p/B_9fqqUgRqh/
麗寶福容大飯店 田園咖啡廳,"(24.3234903, 120.6961183)",4.5,https://www.instagram.com/p/CSIzHe4B2Ba/
亮宅Brunch,"(24.3217221, 120.7012426)",4.1,https://www.instagram.com/p/BvrSVMlnRPX/
激旨燒き鳥Gekiuma Yakitori 台灣總店,"(24.1830783, 120.6466695)",4.2,https://www.instagram.com/p/CXnY8P7Pa59/
HUN 貳,"(24.1827554, 120.6461151)",4.5,https://www.instagram.com/p/Bm5BR1VnT-O/
腦子有丼,"(24.1822676, 120.6462584)",4.3,https://www.instagram.com/p/Bf7dr4Vlhlj/
幸福月台,"(24.1819551, 120.6462527)",4.4,https://www.instagram.com/p/CWcxBdZBJSJ/
豫春園麵食館,"(24.1818467, 120.6460841)",4.2,https://www.instagram.com/p/CUDCh7LBubv/
米嵐義大利麵,"(24.1818104, 120.6456733)",4.1,https://www.instagram.com/p/CBSwxtaDNkf/
逢甲養機場,"(24.181797, 120.644607)",4.1,https://www.instagram.com/p/Buhz1elAyIS/
心蛋餅,"(24.178998, 120.645526)",4.3,https://www.instagram.com/p/Bl9f8ffl1Ty/
逢甲滑蛋三明治壽司早餐店,"(24.1781114, 120.646392)",4.3,https://www.instagram.com/p/BP98RaBlHwL/
逢甲滑蛋早餐店,"(24.1778183, 120.6466185)",4.4,https://www.instagram.com/p/COOUekxhIIu/
大甲芋頭城,"(24.1778084, 120.6453544)",4.1,https://www.instagram.com/p/CODP4CYljDk/
Mini布朗,"(24.1774317, 120.6427219)",4.1,https://www.instagram.com/p/CUtlqeKJ6Ub/
Mr.38 咖哩美食餐廳（逢甲店）,"(24.1770776, 120.6433493)",4.5,https://www.instagram.com/p/CLgHs95sfiO/
那個鍋 - 逢甲総本鋪,"(24.1768659, 120.645009)",4.2,https://www.instagram.com/p/CVcK5FXlYIF/
Cafe Buddha 佈達咖啡,"(24.1767077, 120.645479)",4.2,https://www.instagram.com/p/CUHrQ4zpFHL/
三號創意料理廚房,"(24.1767052, 120.6450434)",4.7,https://www.instagram.com/p/CJvXkSsMc8G/
蜜方 Sweet Cube,"(24.176664, 120.645557)",5.0,https://www.instagram.com/p/BKLVPPxAQTe/
鶯越式泰式美食,"(24.1765792, 120.6472142)",4.2,https://www.instagram.com/p/CL8cqdYjFr4/
現烤活蝦,"(24.1764553, 120.6465159)",4.5,https://www.instagram.com/p/CR8vn4JnsqS/
98義大利PASTA,"(24.1763756, 120.6450908)",4.3,https://www.instagram.com/p/COeshFJD_oe/
阿宏東山鴨頭,"(24.1762831, 120.6451615)",4.1,https://www.instagram.com/p/Bv13TZmAj9t/
⿊輪美,"(24.1757529, 120.6454455)",4.8,https://www.instagram.com/p/CXnd3lmvPLp/
小寶泡菜醬料雞排,"(24.175452, 120.644767)",4.2,https://www.instagram.com/p/CLE3ManB9B7/
小西藏,"(24.175309, 120.64681)",4.3,https://www.instagram.com/p/CAmL4QAH5Oc/
吉品鐵板燒-台中逢甲福星店,"(24.1752724, 120.6461383)",4.2,https://www.instagram.com/p/CTMpYnchMC4/
南洋廚坊,"(24.1751533, 120.6455858)",4.6,https://www.instagram.com/p/CW5B163vUyY/
屋馬燒肉中港店,"(24.1657555, 120.6445358)",4.4,https://www.instagram.com/p/CWQkH1XBd7y/
吉比鮮釀餐廳 - 台中店,"(24.1652572, 120.6437083)",4.3,https://www.instagram.com/p/CHCrv4ulPz3/
丸亀製麵 新光三越台中中港店 烏龍麵餐廳,"(24.1652572, 120.6437083)",4.2,https://www.instagram.com/p/CMjzPBiBina/
301 Boulevard 301大道,"(24.165257, 120.643708)",4.2,https://www.instagram.com/p/CXSxO96l4mH/
台中乾杯 中港店,"(24.1652119, 120.6439377)",4.3,https://www.instagram.com/p/CXLNGewJgkA/
新堂洞 韓式料理,"(24.1648631, 120.6447169)",5.0,https://www.instagram.com/p/Bpw9s3lh4UO/
大心新泰式麵食 - 台中新光三越店,"(24.1648092, 120.6432316)",4.1,https://www.instagram.com/p/CMee5cTAey-/
時時香 RICE BAR - 台中三越店,"(24.1647673, 120.6434748)",4.2,https://www.instagram.com/p/B13fkYkn1Kn/
鼎泰豐 台中店,"(24.1647444, 120.6446365)",4.4,https://www.instagram.com/p/CO5JpGqgRAA/
樂檸漢堡 THEFREEN BURGER 台中朝馬虎城門市,"(24.1644309, 120.6376545)",4.3,https://www.instagram.com/p/B_69c0-DbKR/
六堆伙房台中老虎城店,"(24.1642474, 120.6381239)",4.7,https://www.instagram.com/p/CFoYyfnDkLi/
紅龜桂 義台料理 Red beetle quei and Pizza,"(24.1642474, 120.6381239)",4.7,https://www.instagram.com/p/CXTRIXRFWGR/
圓砌鴛鴦升降鍋物 台中老虎城 全台第一升降鍋物 台中鍋物 台中火鍋 火鍋推薦 老虎城聚餐推薦餐廳 老虎城餐廳,"(24.1640826, 120.6381276)",4.9,https://www.instagram.com/p/CVfg88mPtrA/
Hokkaido Ramen Santouka 拉面山头火,"(24.1637658, 120.6444452)",4.6,https://www.instagram.com/p/CPMexdgr3JX/
饗食天堂 台中店,"(24.1637002, 120.6446167)",4.2,https://www.instagram.com/p/CKyjMQCMw4G/
Cafe at ALESSI Store - 台中店,"(24.1637002, 120.6446167)",4.2,https://www.instagram.com/p/CQvU3AUsuZY/
四季彩日本料理,"(24.1629143, 120.6436893)",4.2,https://www.instagram.com/p/CThW6Jtlztb/
DNA Spanish Restaurant,"(24.1613512, 120.6418787)",4.5,https://www.instagram.com/p/CXxyeXaA2TP/
富彩軒 私房粵菜,"(24.1611598, 120.641649)",4.2,https://www.instagram.com/p/CQgI2fWHnwQ/
forchetta 餐廳,"(24.1610893, 120.6421895)",4.3,https://www.instagram.com/p/CVUPvHvPpjg/
KR Prime Steak House,"(24.1608398, 120.6419403)",4.6,https://www.instagram.com/p/CWxgwVcvlBU/
KOI® PLUS (七期店),"(24.1607835, 120.6420252)",4.6,https://www.instagram.com/p/CTjxOgnnH6c/
台中僑園飯店,"(24.1599805, 120.6438893)",4.1,https://www.instagram.com/p/CDJYyG1DJrM/
陶板屋 台中台灣大道店,"(24.1553393, 120.664574)",4.2,https://www.instagram.com/p/CKF_-ZeHhzD/
泓品牛排館,"(24.1538632, 120.6661232)",4.1,https://www.instagram.com/p/CAEx21SDhO-/
龐德羅莎牛排沙拉(中港店),"(24.1536144, 120.6665513)",4.1,https://www.instagram.com/p/CVdNj5ipqib/
書報館,"(24.1531577, 120.6622889)",4.2,https://www.instagram.com/p/CW29IQ0pDPn/
小蒙牛頂級麻辣養身火鍋hotpot 台中中港店,"(24.1529958, 120.6664443)",4.5,https://www.instagram.com/p/CXDfcJiPbtB/
Restaurant Go.老吳的西洋料理,"(24.1527604, 120.662404)",4.2,https://www.instagram.com/p/CUaEySkvvOV/
TGI FRIDAYS 星期五美式餐廳 英才餐廳,"(24.1526211, 120.6664088)",4.1,https://www.instagram.com/p/CW5tWKJBkvh/
波西塔諾義式小館-Positano PASTA,"(24.15260989999999, 120.6593135)",4.4,https://www.instagram.com/p/CXxgd2Ovf5h/
Offer Oh昨日花卷 跨界好食｜台中必吃餐廳｜台中勤美餐廳｜台中聚餐餐廳｜台中商業午餐｜2021台中西區餐廳｜台中必吃餐廳｜台中西區美食｜台中聚餐餐廳推薦2021,"(24.1524772, 120.6599502)",4.4,https://www.instagram.com/p/CXv8gSBPt2U/
法義風味人文餐廳,"(24.1521086, 120.6672944)",4.5,https://www.instagram.com/p/CW8NJv7h28B/
金色三麥 台中勤美店,"(24.1514011, 120.6635423)",4.3,https://www.instagram.com/p/CHw9p4kDF9N/
路德威手工啤酒餐廳-戶外婚禮/婚禮場地/外燴/buffet,"(24.1509838, 120.6682471)",4.4,https://www.instagram.com/p/B19-W8yHtoH/
赤坂屋日式炭烤燒肉店,"(24.1507643, 120.6672573)",4.5,https://www.instagram.com/p/B-mfkbkl1is/
攜旺cafe台中寵物餐廳&浪浪中途學校,"(24.1507449, 120.6656591)",4.7,https://www.instagram.com/p/CXup-xmherq/
出一張嘴,"(24.1507418, 120.6674613)",4.1,https://www.instagram.com/p/CQGz4T8jBAq/
金苑茶餐廳,"(24.150632, 120.664519)",4.5,https://www.instagram.com/p/CCd6lMNFCd3/
松葉壽司,"(24.1502877, 120.6600828)",4.3,https://www.instagram.com/p/CFWUuVSBcpH/
Roundabout Café 圓環咖啡 - 台中西區咖啡/勤美草悟道早午餐,"(24.1500217, 120.6674764)",4.5,https://www.instagram.com/p/CXA1aCePohx/
築地,"(24.1499503, 120.6676425)",4.3,https://www.instagram.com/p/CDREASODVkv/
九冠樓石頭火鍋,"(24.1492075, 120.6619226)",4.1,https://www.instagram.com/p/CWQaBDtpiIu/
藤吉串燒,"(24.149169, 120.6625095)",4.4,https://www.instagram.com/p/CKt3tpWFVwQ/
嘉義阡涼麵,"(24.1489439, 120.6602907)",4.4,https://www.instagram.com/p/CVMoaw0hcRG/
石研室 台式爆炒石頭火鍋 - 台中勤美店,"(24.1489246, 120.6631676)",4.4,https://www.instagram.com/p/CX0mvUGP0Ij/
吳留手串燒居酒屋-台中店 /人氣美食 /推薦 /台中美食 /特色餐廳,"(24.1485201, 120.6629246)",4.6,https://www.instagram.com/p/CXib7tWvHAC/
阿川鵝肉,"(24.148504, 120.6602638)",4.1,https://www.instagram.com/p/COHXxyonTy5/
將將燒日式料理,"(24.1483392, 120.661329)",4.6,https://www.instagram.com/p/CXyLsEkPPaf/
HOT SHOCK 哈燒庫美式餐廳,"(24.1478292, 120.6637882)",4.5,https://www.instagram.com/p/CX0ez7UFIVg/
IL Volo pizza義波羅窯烤披薩,"(24.147722, 120.663139)",4.2,https://www.instagram.com/p/CEg_VknJ5SE/
藍洞意式廚房,"(24.1476974, 120.6634555)",4.1,https://www.instagram.com/p/CENvhmGnp5R/
丸松精緻套餐,"(24.1469202, 120.6660045)",4.1,https://www.instagram.com/p/CWKpqpkP6aJ/
東引釣客野生海產店,"(24.1468297, 120.6639389)",4.2,https://www.instagram.com/p/CNrwuclnrlL/
久流麵攤,"(24.14162779999999, 120.6852848)",4.3,https://www.instagram.com/p/BccCQUGguja/
德利麵食館,"(24.1403224, 120.6838605)",4.5,https://www.instagram.com/p/CWdDJjdvCdU/
古早味三代肉粥,"(24.1402605, 120.6847206)",4.2,https://www.instagram.com/p/CW7CCf1vCRU/
葉家虱目魚,"(24.140065, 120.6839381)",4.3,https://www.instagram.com/p/COLAn9gssfG/
阿恆越南河粉,"(24.139997, 120.684842)",4.4,https://www.instagram.com/p/CXTqFIevTU7/
台中英雄館,"(24.1398024, 120.688479)",4.1,https://www.instagram.com/p/BndjxjKHBDG/
傳記台中正老牌香菇肉羹 綠川店,"(24.1397152, 120.6847399)",4.1,https://www.instagram.com/p/B-OkkGMDlF_/
沁園春,"(24.1395207, 120.6826624)",4.1,https://www.instagram.com/p/CXvgq-BFzBs/
小夏天petit été,"(24.1390741, 120.6814291)",4.1,https://www.instagram.com/p/CXyKedPvgGs/
台中市第四信用合作社,"(24.1389704, 120.6820167)",4.4,https://www.instagram.com/p/CL1clrUHAJC/
阿明師老店太陽堂,"(24.1388735, 120.6807272)",4.1,https://www.instagram.com/p/0PsJx8TSJ_/
汕頭牛肉劉,"(24.1387867, 120.6832495)",4.2,https://www.instagram.com/p/CJObPH1srJF/
超吉飯桶-台中站前店,"(24.138785, 120.6836004)",4.1,https://www.instagram.com/p/BXSr7Q1HC_W/
觀世音有機生活館,"(24.1386705, 120.6855478)",4.5,https://www.instagram.com/p/B6TA5npBk7l/
台灣陳沙茶火鍋,"(24.13858960000001, 120.6831206)",4.3,https://www.instagram.com/p/BsvWFFvAKkS/
Hong Ya Hamburger,"(24.1383715, 120.6858803)",4.2,https://www.instagram.com/p/B7xB1mDBo4u/
麥味登台中站前店,"(24.1379866, 120.685188)",4.5,https://www.instagram.com/p/Bn0b7cPBGP5/
宮原眼科,"(24.1378278, 120.6835552)",4.2,https://www.instagram.com/p/CPQc8hPMYNE/
Fleet Street,"(24.1377642, 120.6820012)",4.2,https://www.instagram.com/p/CXqFEX-P2kw/
三佳早點（中區民權店）,"(24.1376644, 120.6806166)",4.3,https://www.instagram.com/p/B-zYIi4nj64/
五南親子館(台中店),"(24.13762, 120.683938)",4.2,https://www.instagram.com/p/BmpWQuiBl5Q/
手做鬆餅,"(24.13703469999999, 120.6807925)",4.5,https://www.instagram.com/p/CW-RpTYF3Ws/
斐得 米蘭手工PIZZA專賣店,"(24.1364153, 120.6809457)",4.7,https://www.instagram.com/p/CVYILz6sVYe/
阿風獅牛肉麵,"(24.13633909999999, 120.6829452)",4.2,https://www.instagram.com/p/CUZ3GdAhnUk/
瓦城泰式料理 - 台中新時代,"(24.1360755, 120.687597)",4.1,https://www.instagram.com/p/Bt-HwEAAaN8/
MO-MO-PARADISE 台中新時代牧場,"(24.1357726, 120.6877477)",4.5,https://www.instagram.com/p/BlNzRHsh_en/
喬e歐爸爸手工披薩吃到飽,"(24.1357726, 120.6877477)",4.4,https://www.instagram.com/p/CM1vvaFlysE/
布娜飛比利時餐酒館台中新時代店Bravo BeerI台中聚餐,"(24.1357126, 120.6876958)",4.6,https://www.instagram.com/p/CViOVISveTS/
花囍家日式料理製研所,"(24.1353079, 120.6872276)",4.6,https://www.instagram.com/p/CXkrqsrJllJ/
Mo-mo-paradise 壽喜燒牧場(大魯閤廣場四樓),"(24.1351483, 120.6876225)",4.5,https://www.instagram.com/p/CXlbinMgmCp/
易素緣,"(24.1346845, 120.6826691)",4.7,https://www.instagram.com/p/CFXUxcxF_6S/
台中肉員,"(24.134469, 120.6825714)",4.1,https://www.instagram.com/p/CU4CK2FBahk/
ISABATI 義薩芭蒂,"(22.9345247, 120.22639)",4.1,https://www.instagram.com/p/CXdQY0Lpvw9/
國泰萬巒豬腳大王,"(22.6778382, 120.4909259)",4.6,https://www.instagram.com/p/BeU-KUNBz29/
甲子園之館,"(22.6778267, 120.4887668)",4.1,https://www.instagram.com/p/CM9tWNshJ7r/
Amigos 早午餐,"(22.6773943, 120.4897037)",4.1,https://www.instagram.com/p/CXuYXtZPOBx/
爹說 你好,"(22.6773308, 120.4900404)",4.1,https://www.instagram.com/p/B_t7RtlDmLv/
一碗豆腐,"(22.6767317, 120.4923388)",4.2,https://www.instagram.com/p/CXZ9LFNpjVK/
心之田自然蔬食坊,"(22.6764132, 120.4873579)",4.2,https://www.instagram.com/p/Bvd_SDBh-dr/
小吉廚坊,"(22.6762832, 120.4891621)",4.4,https://www.instagram.com/p/Bhxuj1PBluH/
任家涼麵,"(22.6762831, 120.4873053)",4.3,https://www.instagram.com/p/BTrNnlJAfX4/
石頭日式燒肉,"(22.6748409, 120.4889984)",4.3,https://www.instagram.com/p/CXVTvfSFesf/
麥當勞-屏東太平洋店,"(22.67424339999999, 120.4898241)",4.1,https://www.instagram.com/p/CECBq78AhQK/
牛角日本燒肉專門店-屏東太平洋店,"(22.6740893, 120.4906227)",4.6,https://www.instagram.com/p/CXkW7xdLiWI/
陶板屋 屏東太平洋店,"(22.6740838, 120.490642)",4.2,https://www.instagram.com/p/CQarEDbj3N4/
涮乃葉 屏東太平洋店,"(22.674038, 120.4906067)",4.1,https://www.instagram.com/p/B4kS-7mjXjl/
大黑天 壽司專賣,"(22.67375669999999, 120.491426)",4.6,https://www.instagram.com/p/CSvmxfuFbbO/
萬巒豬腳大王,"(22.6736244, 120.4905052)",4.4,https://www.instagram.com/p/CWNRxuEPbZM/
空包蛋香港雞蛋仔,"(22.6735162, 120.490461)",4.2,https://www.instagram.com/p/CAKRHfDpNNL/
東方宴餐廳,"(22.6734602, 120.3045302)",4.1,https://www.instagram.com/p/CWzfZsNPPhF/
Woopen木盆 民權加盟門市,"(22.6734556, 120.4921796)",4.5,https://www.instagram.com/p/B6Zsxk-p8MG/
汕頭麵,"(22.6734533, 120.4907005)",4.6,https://www.instagram.com/p/CVnD5WGPpQp/
韓家刀削麵,"(22.6734066, 120.4901021)",4.2,https://www.instagram.com/p/CWK8eb3potC/
好食沙拉-屏東林森店,"(22.6733523, 120.4910389)",4.3,https://www.instagram.com/p/CMJitp9nGUz/
春水堂 環球屏東店,"(22.6732667, 120.4934017)",4.1,https://www.instagram.com/p/B7Nvaq-gudL/
聚北海道鍋物 屏東環球店,"(22.6732667, 120.4934017)",4.8,https://www.instagram.com/p/CQgmfdbno_h/
林桑滷味,"(22.6732415, 120.4906014)",4.7,https://www.instagram.com/p/COfBIKVFE3d/
小蒙牛頂級麻辣養生鍋hotpot-屏東店,"(22.6730895, 120.4944349)",4.3,https://www.instagram.com/p/CXnQ6FIL9pM/
早安美芝城屏東林森,"(22.6730809, 120.4910441)",4.3,https://www.instagram.com/p/CWDm817J7ko/
屏東文德食品-德師傅,"(22.6725641, 120.4909468)",4.2,https://www.instagram.com/p/B8kaUZ_J7TO/
福井壽司,"(22.67239279999999, 120.492947)",4.3,https://www.instagram.com/p/BfAiMq6gtII/
發財車旗魚黑輪,"(22.672303, 120.4912026)",4.4,https://www.instagram.com/p/COHxPcRJB0F/
燒肉魂,"(22.672292, 120.488522)",4.6,https://www.instagram.com/p/CJiVSN_DlT0/
Manniu慢牛 創意牛肉料理,"(22.6720562, 120.30233)",4.2,https://www.instagram.com/p/CXbAxStLVIK/
A-Chi美式廚房,"(22.6718961, 120.4920005)",4.5,https://www.instagram.com/p/B6I31JSnblL/
東風新意會館/高雄五星級蔬食婚宴/蔬食外燴送,"(22.6714641, 120.304685)",4.3,https://www.instagram.com/p/CBxdO1wniR1/
爭鮮迴轉壽司 屏東店,"(22.6713326, 120.4889171)",4.1,https://www.instagram.com/p/uu4mASA9Gd/
秀羽素食館,"(22.6708068, 120.4924499)",4.3,https://www.instagram.com/p/CCx3c0fnmuA/
九湯屋日本拉麵-屏東夜市店,"(22.67007049999999, 120.4911706)",4.3,https://www.instagram.com/p/B_xA4DtAB6f/
瓦城泰國料理 - 高雄漢神巨蛋店,"(22.6700119, 120.3030034)",4.1,https://www.instagram.com/p/COvB2LDMK5f/
Fun Tower日式可麗餅（漢神巨蛋）,"(22.66993889999999, 120.3023985)",4.4,https://www.instagram.com/p/BexEl1DFK2l/
翠園粵菜餐廳 巨蛋店,"(22.66960079999999, 120.3021105)",4.1,https://www.instagram.com/p/CWQh6jGvAf8/
漢來大飯店巨蛋會館-漢神巨蛋9樓,"(22.66960079999999, 120.3021105)",4.3,https://www.instagram.com/p/CXsaEwNLG9D/
漢來蔬食 巨蛋店,"(22.6695981, 120.3022949)",4.3,https://www.instagram.com/p/CXdx7UaPBdc/
漢來海港餐廳 巨蛋店,"(22.6695926, 120.302286)",4.1,https://www.instagram.com/p/BCXCHRjyWnL/
大戶屋 漢神巨蛋店,"(22.6695926, 120.302286)",4.1,https://www.instagram.com/p/B1XFBmGjsRV/
CoCo壹番屋 漢神巨蛋店,"(22.6695926, 120.302286)",4.4,https://www.instagram.com/p/CEihqPpgYHS/
鼎泰豐 高雄店,"(22.66950779999999, 120.3022247)",4.4,https://www.instagram.com/p/CO5JpGqgRAA/
阿惠越南小吃,"(22.6694444, 120.3058333)",4.2,https://www.instagram.com/p/CW0Sco2v3am/
德藝小築 Deutsche Kuchen,"(22.6686813, 120.2987898)",4.5,https://www.instagram.com/p/CTHD0lugng-/
赤炭汽油桶炭火燒肉,"(22.6667187, 120.3056062)",4.3,https://www.instagram.com/p/CVqg7L4hA3p/
世奇商旅,"(22.665949, 120.304858)",4.4,https://www.instagram.com/p/CXn5eOeugL0/
美食福滷鴨血,"(22.6659084, 120.2999369)",4.9,https://www.instagram.com/p/CHnglQbjpGn/
陶板屋 高雄裕誠店,"(22.6656865, 120.3038963)",4.1,https://www.instagram.com/p/CKWYF_lsv57/
好聚。所 HIRAETH CAFE,"(22.6656745, 120.3015472)",4.2,https://www.instagram.com/p/CXu0a0-vxcu/
韓福香,"(22.6652562, 120.3008749)",4.1,https://www.instagram.com/p/CXoH1HLj2P6/
王品牛排高雄博愛店,"(22.6649313, 120.3036891)",4.4,https://www.instagram.com/p/CP00B_uNimZ/
